Description,quantity,price,category
WHITE HANGING HEART T-LIGHT HOLDER,6,2.55,Clothing
WHITE METAL LANTERN,6,3.39,Technology
CREAM CUPID HEARTS COAT HANGER,8,2.75,Clothing
KNITTED UNION FLAG HOT WATER BOTTLE,6,3.39,Food & Beverage
RED WOOLLY HOTTIE WHITE HEART.,6,3.39,Souvenir
SET 7 BABUSHKA NESTING BOXES,2,7.65,Toys
GLASS STAR FROSTED T-LIGHT HOLDER,6,4.25,Clothing
HAND WARMER UNION JACK,6,1.85,Technology
HAND WARMER RED POLKA DOT,6,1.85,Technology
ASSORTED COLOUR BIRD ORNAMENT,32,1.69,Souvenir
POPPY'S PLAYHOUSE BEDROOM ,6,2.1,Toys
POPPY'S PLAYHOUSE KITCHEN,6,2.1,Toys
FELTCRAFT PRINCESS CHARLOTTE DOLL,8,3.75,Technology
IVORY KNITTED MUG COSY ,6,1.65,Souvenir
BOX OF 6 ASSORTED COLOUR TEASPOONS,6,4.25,Toys
BOX OF VINTAGE JIGSAW BLOCKS ,3,4.95,Technology
BOX OF VINTAGE ALPHABET BLOCKS,2,9.95,Technology
HOME BUILDING BLOCK WORD,3,5.95,Technology
LOVE BUILDING BLOCK WORD,3,5.95,Technology
RECIPE BOX WITH METAL HEART,4,7.95,Technology
DOORMAT NEW ENGLAND,4,7.95,Technology
JAM MAKING SET WITH JARS,6,4.25,Technology
RED COAT RACK PARIS FASHION,3,4.95,Clothing
YELLOW COAT RACK PARIS FASHION,3,4.95,Clothing
BLUE COAT RACK PARIS FASHION,3,4.95,Clothing
BATH BUILDING BLOCK WORD,3,5.95,Clothing
ALARM CLOCK BAKELIKE PINK,24,3.75,Technology
ALARM CLOCK BAKELIKE RED ,24,3.75,Technology
ALARM CLOCK BAKELIKE GREEN,12,3.75,Technology
PANDA AND BUNNIES STICKER SHEET,12,0.85,Souvenir
STARS GIFT TAPE ,24,0.65,Technology
INFLATABLE POLITICAL GLOBE ,48,0.85,Souvenir
VINTAGE HEADS AND TAILS CARD GAME ,24,1.25,Technology
SET/2 RED RETROSPOT TEA TOWELS ,18,2.95,Food & Beverage
ROUND SNACK BOXES SET OF4 WOODLAND ,24,2.95,Toys
SPACEBOY LUNCH BOX ,24,1.95,Toys
LUNCH BOX I LOVE LONDON,24,1.95,Food & Beverage
CIRCUS PARADE LUNCH BOX ,24,1.95,Food & Beverage
CHARLOTTE BAG DOLLY GIRL DESIGN,20,0.85,Clothing
RED TOADSTOOL LED NIGHT LIGHT,24,1.65,Technology
 SET 2 TEA TOWELS I LOVE LONDON ,24,2.95,Food & Beverage
VINTAGE SEASIDE JIGSAW PUZZLES,12,3.75,Technology
MINI JIGSAW CIRCUS PARADE ,24,0.42,Technology
MINI JIGSAW SPACEBOY,24,0.42,Toys
MINI PAINT SET VINTAGE ,36,0.65,Souvenir
POSTAGE,3,18.0,Souvenir
PAPER CHAIN KIT 50'S CHRISTMAS ,80,2.55,Souvenir
HAND WARMER RED POLKA DOT,6,1.85,Technology
HAND WARMER UNION JACK,6,1.85,Technology
WHITE HANGING HEART T-LIGHT HOLDER,6,2.55,Clothing
WHITE METAL LANTERN,6,3.39,Technology
CREAM CUPID HEARTS COAT HANGER,8,2.75,Clothing
EDWARDIAN PARASOL RED,6,4.95,Technology
RETRO COFFEE MUGS ASSORTED,6,1.06,Food & Beverage
SAVE THE PLANET MUG,6,1.06,Souvenir
VINTAGE BILLBOARD DRINK ME MUG,6,1.06,Food & Beverage
VINTAGE BILLBOARD LOVE/HATE MUG,6,1.06,Souvenir
WOOD 2 DRAWER CABINET WHITE FINISH,2,4.95,Technology
WOOD S/3 CABINET ANT WHITE FINISH,4,6.95,Technology
WOODEN PICTURE FRAME WHITE FINISH,6,2.1,Souvenir
WOODEN FRAME ANTIQUE WHITE ,6,2.55,Clothing
KNITTED UNION FLAG HOT WATER BOTTLE,6,3.39,Food & Beverage
RED WOOLLY HOTTIE WHITE HEART.,6,3.39,Souvenir
SET 7 BABUSHKA NESTING BOXES,2,7.65,Toys
GLASS STAR FROSTED T-LIGHT HOLDER,6,4.25,Clothing
VICTORIAN SEWING BOX LARGE,32,10.95,Technology
WHITE HANGING HEART T-LIGHT HOLDER,6,2.55,Clothing
WHITE METAL LANTERN,6,3.39,Technology
CREAM CUPID HEARTS COAT HANGER,8,2.75,Clothing
EDWARDIAN PARASOL RED,6,4.95,Technology
RETRO COFFEE MUGS ASSORTED,6,1.06,Food & Beverage
SAVE THE PLANET MUG,6,1.06,Souvenir
VINTAGE BILLBOARD DRINK ME MUG,6,1.06,Food & Beverage
VINTAGE BILLBOARD LOVE/HATE MUG,6,1.06,Souvenir
WOOD 2 DRAWER CABINET WHITE FINISH,2,4.95,Technology
WOOD S/3 CABINET ANT WHITE FINISH,4,6.95,Technology
WOODEN PICTURE FRAME WHITE FINISH,6,2.1,Souvenir
WOODEN FRAME ANTIQUE WHITE ,6,2.55,Clothing
KNITTED UNION FLAG HOT WATER BOTTLE,6,3.39,Food & Beverage
RED WOOLLY HOTTIE WHITE HEART.,6,3.39,Souvenir
SET 7 BABUSHKA NESTING BOXES,2,7.65,Toys
GLASS STAR FROSTED T-LIGHT HOLDER,6,4.25,Clothing
HOT WATER BOTTLE TEA AND SYMPATHY,48,3.45,Food & Beverage
RED HANGING HEART T-LIGHT HOLDER,64,2.55,Clothing
HAND WARMER RED POLKA DOT,6,1.85,Technology
HAND WARMER UNION JACK,6,1.85,Technology
JUMBO BAG PINK POLKADOT,10,1.95,Toys
JUMBO  BAG BAROQUE BLACK WHITE,10,1.95,Clothing
JUMBO BAG CHARLIE AND LOLA TOYS,10,2.95,Toys
STRAWBERRY CHARLOTTE BAG,10,0.85,Food & Beverage
RED 3 PIECE RETROSPOT CUTLERY SET,12,3.75,Technology
BLUE 3 PIECE POLKADOT CUTLERY SET,6,3.75,Technology
SET/6 RED SPOTTY PAPER PLATES,12,0.85,Souvenir
LUNCH BAG RED RETROSPOT,10,1.65,Souvenir
STRAWBERRY LUNCH BOX WITH CUTLERY,6,2.55,Food & Beverage
LUNCH BOX WITH CUTLERY RETROSPOT ,6,2.55,Food & Beverage
PACK OF 72 RETROSPOT CAKE CASES,120,0.42,Food & Beverage
PACK OF 60 DINOSAUR CAKE CASES,24,0.55,Food & Beverage
PACK OF 60 PINK PAISLEY CAKE CASES,24,0.55,Food & Beverage
60 TEATIME FAIRY CAKE CASES,24,0.55,Food & Beverage
TOMATO CHARLIE+LOLA COASTER SET,6,2.95,Toys
CHARLIE & LOLA WASTEPAPER BIN FLORA,48,1.25,Clothing
RED CHARLIE+LOLA PERSONAL DOORSIGN,96,0.38,Souvenir
JUMBO STORAGE BAG SUKI,10,1.95,Toys
JUMBO BAG PINK VINTAGE PAISLEY,10,1.95,Food & Beverage
JAM MAKING SET PRINTED,24,1.45,Technology
RETROSPOT TEA SET CERAMIC 11 PC ,23,4.25,Technology
GIRLY PINK TOOL SET,5,4.95,Toys
JUMBO SHOPPER VINTAGE RED PAISLEY,10,1.95,Food & Beverage
"AIRLINE LOUNGE,METAL SIGN",2,2.1,Technology
WHITE SPOT RED CERAMIC DRAWER KNOB,6,1.25,Technology
RED DRAWER KNOB ACRYLIC EDWARDIAN,24,1.25,Technology
CLEAR DRAWER KNOB ACRYLIC EDWARDIAN,24,1.25,Technology
PHOTO CLIP LINE,1,1.25,Souvenir
FELT EGG COSY CHICKEN,1,0.85,Souvenir
PIGGY BANK RETROSPOT ,1,2.55,Technology
SKULL SHOULDER BAG,10,1.65,Clothing
YOU'RE CONFUSING ME METAL SIGN ,3,1.69,Technology
COOK WITH WINE METAL SIGN ,1,1.95,Food & Beverage
GIN + TONIC DIET METAL SIGN,2,2.1,Technology
YELLOW BREAKFAST CUP AND SAUCER,1,2.95,Food & Beverage
PINK BREAKFAST CUP AND SAUCER ,1,2.95,Food & Beverage
PAPER CHAIN KIT 50'S CHRISTMAS ,4,2.95,Souvenir
PAPER CHAIN KIT RETROSPOT,1,2.95,Technology
SMALL HEART FLOWERS HOOK ,6,0.85,Souvenir
PHOTO CLIP LINE,3,1.25,Souvenir
TEA TIME DES TEA COSY,2,2.55,Souvenir
FELT EGG COSY WHITE RABBIT ,1,0.85,Souvenir
ZINC WILLIE WINKIE  CANDLE STICK,1,0.85,Souvenir
CERAMIC CHERRY CAKE MONEY BANK,1,1.45,Food & Beverage
RETROSPOT LARGE MILK JUG,1,4.95,Food & Beverage
SET OF 6 FUNKY BEAKERS,2,2.95,Souvenir
EDWARDIAN PARASOL BLACK,2,5.95,Technology
EDWARDIAN PARASOL NATURAL,2,5.95,Souvenir
CERAMIC STRAWBERRY CAKE MONEY BANK,4,1.45,Food & Beverage
BLUE OWL SOFT TOY,1,2.95,Toys
BALLOON ART MAKE YOUR OWN FLOWERS,1,1.95,Souvenir
RED TOADSTOOL LED NIGHT LIGHT,2,1.65,Technology
GLASS CLOCHE SMALL,3,3.95,Clothing
GUMBALL MONOCHROME COAT RACK,36,1.06,Clothing
DOORMAT FANCY FONT HOME SWEET HOME,10,6.75,Souvenir
Discount,-1,27.5,Souvenir
INFLATABLE POLITICAL GLOBE ,12,0.85,Souvenir
VINTAGE SNAKES & LADDERS,8,3.75,Souvenir
CHOCOLATE CALCULATOR,12,1.65,Technology
JUMBO SHOPPER VINTAGE RED PAISLEY,10,1.95,Food & Beverage
RECYCLING BAG RETROSPOT ,10,2.1,Technology
TOY TIDY PINK POLKADOT,50,1.85,Toys
ANTIQUE GLASS DRESSING TABLE POT,8,2.95,Food & Beverage
ALARM CLOCK BAKELIKE GREEN,4,3.75,Technology
IVORY GIANT GARDEN THERMOMETER,12,5.95,Technology
3 TIER CAKE TIN GREEN AND CREAM,2,14.95,Food & Beverage
3 TIER CAKE TIN RED AND CREAM,2,14.95,Food & Beverage
SET 3 WICKER OVAL BASKETS W LIDS,4,16.95,Technology
SET OF 3 COLOURED  FLYING DUCKS,-1,4.65,Souvenir
WOOD BLACK BOARD ANT WHITE FINISH,3,6.45,Technology
COLOUR GLASS T-LIGHT HOLDER HANGING,48,0.65,Clothing
HANGING METAL HEART LANTERN,12,1.65,Technology
HANGING MEDINA LANTERN SMALL,6,2.95,Technology
NATURAL SLATE HEART CHALKBOARD ,12,2.95,Technology
HEART OF WICKER SMALL,40,1.45,Clothing
HEART OF WICKER LARGE,40,2.55,Clothing
WHITE LOVEBIRD LANTERN,6,2.95,Souvenir
CLASSIC METAL BIRDCAGE PLANT HOLDER,2,12.75,Technology
CREAM HEART CARD HOLDER,4,3.95,Souvenir
ENAMEL FLOWER JUG CREAM,3,5.95,Food & Beverage
ENAMEL FIRE BUCKET CREAM,6,6.95,Food & Beverage
ENAMEL BREAD BIN CREAM,8,10.95,Food & Beverage
SET 3 WICKER OVAL BASKETS W LIDS,1,19.95,Technology
JAM MAKING SET PRINTED,12,1.45,Technology
JAM MAKING SET WITH JARS,6,4.25,Technology
JUMBO BAG DOLLY GIRL DESIGN,10,1.95,Toys
TRADITIONAL CHRISTMAS RIBBONS,12,1.25,Clothing
ORGANISER WOOD ANTIQUE WHITE ,2,8.5,Technology
LUNCH BAG DOLLY GIRL DESIGN,10,1.65,Souvenir
WHITE WIRE EGG HOLDER,36,4.95,Technology
JUMBO  BAG BAROQUE BLACK WHITE,100,1.65,Clothing
JUMBO BAG RED RETROSPOT,100,1.65,Souvenir
CHILLI LIGHTS,192,3.82,Technology
LIGHT GARLAND BUTTERFILES PINK,192,3.37,Technology
WOODEN OWLS LIGHT GARLAND ,192,3.37,Clothing
FAIRY TALE COTTAGE NIGHTLIGHT,432,1.45,Clothing
RED TOADSTOOL LED NIGHT LIGHT,432,1.25,Technology
HOME BUILDING BLOCK WORD,3,5.95,Technology
LOVE BUILDING BLOCK WORD,3,5.95,Technology
DOORMAT FANCY FONT HOME SWEET HOME,2,7.95,Souvenir
HOME SMALL WOOD LETTERS,3,4.95,Souvenir
GINGHAM HEART  DOORSTOP RED,3,4.25,Clothing
FIVE HEART HANGING DECORATION,6,2.95,Souvenir
HANGING METAL HEART LANTERN,12,1.65,Technology
ASSORTED BOTTLE TOP  MAGNETS ,12,0.42,Technology
FRIDGE MAGNETS US DINER ASSORTED,12,0.85,Food & Beverage
HOMEMADE JAM SCENTED CANDLES,12,1.45,Food & Beverage
FRIDGE MAGNETS LES ENFANTS ASSORTED,12,0.85,Technology
ROSE CARAVAN DOORSTOP,4,6.75,Technology
HEART OF WICKER SMALL,12,1.65,Clothing
5 HOOK HANGER MAGIC TOADSTOOL,12,1.65,Toys
CHRISTMAS LIGHTS 10 REINDEER,6,8.5,Souvenir
VINTAGE UNION JACK CUSHION COVER,8,4.95,Clothing
VINTAGE HEADS AND TAILS CARD GAME ,12,1.25,Technology
SET OF 3 COLOURED  FLYING DUCKS,6,5.45,Souvenir
SET OF 3 GOLD FLYING DUCKS,4,6.35,Souvenir
RED RETROSPOT UMBRELLA,6,5.95,Technology
BLACK/BLUE POLKADOT UMBRELLA,3,5.95,Technology
RED DINER WALL CLOCK,2,8.5,Food & Beverage
ALARM CLOCK BAKELIKE GREEN,4,3.75,Technology
ALARM CLOCK BAKELIKE RED ,4,3.75,Technology
BLUE DINER WALL CLOCK,2,8.5,Food & Beverage
IVORY DINER WALL CLOCK,2,8.5,Technology
LARGE HEART MEASURING SPOONS,24,1.65,Souvenir
SMALL HEART MEASURING SPOONS,24,0.85,Souvenir
CHRISTMAS LIGHTS 10 REINDEER,2,8.5,Souvenir
JAM MAKING SET WITH JARS,12,3.75,Technology
JAM MAKING SET PRINTED,12,1.45,Technology
JAM JAR WITH PINK LID,48,0.72,Food & Beverage
JAM JAR WITH GREEN LID,48,0.72,Food & Beverage
ROSE COTTAGE KEEPSAKE BOX ,8,8.5,Food & Beverage
HANGING HEART ZINC T-LIGHT HOLDER,144,0.64,Technology
PAPER CHAIN KIT VINTAGE CHRISTMAS,40,2.55,Souvenir
DISCO BALL CHRISTMAS DECORATION,288,0.1,Technology
WHITE HANGING HEART T-LIGHT HOLDER,64,2.55,Clothing
SMALL POPCORN HOLDER,100,0.72,Souvenir
LARGE POPCORN HOLDER ,50,1.45,Technology
RETROSPOT LARGE MILK JUG,12,4.25,Food & Beverage
SET/20 RED RETROSPOT PAPER NAPKINS ,96,0.64,Technology
SET/6 RED SPOTTY PAPER PLATES,96,0.64,Souvenir
SET/6 RED SPOTTY PAPER CUPS,48,0.65,Technology
POLKADOT RAIN HAT ,144,0.32,Clothing
DELUXE SEWING KIT ,40,4.95,Technology
RETROSPOT HEART HOT WATER BOTTLE,24,4.25,Technology
KNITTED UNION FLAG HOT WATER BOTTLE,24,3.39,Food & Beverage
ENGLISH ROSE HOT WATER BOTTLE,24,3.75,Food & Beverage
PHOTO CUBE,48,1.48,Souvenir
HOMEMADE JAM SCENTED CANDLES,96,1.25,Food & Beverage
JUMBO BAG RED RETROSPOT,100,1.65,Souvenir
PLASTERS IN TIN CIRCUS PARADE ,-12,1.65,Technology
PACK OF 12 PINK PAISLEY TISSUES ,-24,0.29,Food & Beverage
PACK OF 12 BLUE PAISLEY TISSUES ,-24,0.29,Food & Beverage
PACK OF 12 RED RETROSPOT TISSUES ,-24,0.29,Technology
CHICK GREY HOT WATER BOTTLE,-12,3.45,Food & Beverage
PLASTERS IN TIN VINTAGE PAISLEY ,-12,1.65,Technology
PLASTERS IN TIN SKULLS,-24,1.65,Technology
3 STRIPEY MICE FELTCRAFT,6,1.95,Technology
SET OF 6 SOLDIER SKITTLES,4,3.75,Clothing
TRADITIONAL WOODEN SKIPPING ROPE,12,1.25,Books
WOODEN BOX OF DOMINOES,12,1.25,Souvenir
RUSTIC  SEVENTEEN DRAWER SIDEBOARD,1,165.0,Technology
PARTY CONES CARNIVAL ASSORTED,12,1.25,Clothing
PARTY CONES CANDY ASSORTED,12,1.25,Food & Beverage
PICNIC BASKET WICKER SMALL,4,5.95,Technology
ASSORTED COLOUR BIRD ORNAMENT,16,1.69,Souvenir
STAR DECORATION PAINTED ZINC ,24,0.65,Technology
RETROSPOT LAMP,8,9.95,Technology
"FANCY FONT BIRTHDAY CARD, ",24,0.42,Souvenir
HAND WARMER UNION JACK,96,1.85,Technology
HAND WARMER SCOTTY DOG DESIGN,96,1.85,Technology
HAND WARMER OWL DESIGN,96,1.85,Technology
HAND WARMER RED RETROSPOT,96,1.85,Technology
RETROSPOT HEART HOT WATER BOTTLE,12,4.95,Technology
DOG BOWL CHASING BALL DESIGN,12,3.75,Technology
CLOTHES PEGS RETROSPOT PACK 24 ,48,1.25,Clothing
HAND OVER THE CHOCOLATE   SIGN ,12,2.1,Food & Beverage
WHITE HANGING HEART T-LIGHT HOLDER,32,2.55,Clothing
TRAVEL SEWING KIT,20,1.65,Technology
BLACK HEART CARD HOLDER,8,3.95,Souvenir
ASSORTED COLOUR BIRD ORNAMENT,32,1.69,Souvenir
PACK OF 60 PINK PAISLEY CAKE CASES,24,0.55,Food & Beverage
60 TEATIME FAIRY CAKE CASES,24,0.55,Food & Beverage
PACK OF 72 RETROSPOT CAKE CASES,24,0.55,Food & Beverage
CHICK GREY HOT WATER BOTTLE,8,3.45,Food & Beverage
SMALL GLASS HEART TRINKET POT,8,2.1,Technology
ALARM CLOCK BAKELIKE IVORY,4,3.75,Technology
ALARM CLOCK BAKELIKE RED ,8,3.75,Technology
ALARM CLOCK BAKELIKE ORANGE,8,3.75,Technology
ALARM CLOCK BAKELIKE GREEN,8,3.75,Technology
HOT WATER BOTTLE TEA AND SYMPATHY,8,3.95,Food & Beverage
HAND WARMER BIRD DESIGN,48,2.1,Technology
HAND WARMER SCOTTY DOG DESIGN,48,2.1,Technology
WHITE HANGING HEART T-LIGHT HOLDER,6,2.55,Clothing
WHITE METAL LANTERN,6,3.39,Technology
CREAM CUPID HEARTS COAT HANGER,8,2.75,Clothing
EDWARDIAN PARASOL BLACK,6,4.95,Technology
EDWARDIAN PARASOL RED,6,4.95,Technology
RETRO COFFEE MUGS ASSORTED,6,1.06,Food & Beverage
SAVE THE PLANET MUG,6,1.06,Souvenir
VINTAGE BILLBOARD DRINK ME MUG,6,1.06,Food & Beverage
VINTAGE BILLBOARD LOVE/HATE MUG,6,1.06,Souvenir
WOOD 2 DRAWER CABINET WHITE FINISH,2,4.95,Technology
WOOD S/3 CABINET ANT WHITE FINISH,4,6.95,Technology
WOODEN PICTURE FRAME WHITE FINISH,6,2.1,Souvenir
WOODEN FRAME ANTIQUE WHITE ,12,2.55,Clothing
KNITTED UNION FLAG HOT WATER BOTTLE,6,3.39,Food & Beverage
RED WOOLLY HOTTIE WHITE HEART.,6,3.39,Souvenir
SET 7 BABUSHKA NESTING BOXES,2,7.65,Toys
IVORY EMBROIDERED QUILT ,2,35.75,Clothing
GLASS STAR FROSTED T-LIGHT HOLDER,6,4.25,Clothing
SET OF 3 BLACK FLYING DUCKS,12,4.65,Souvenir
SET OF 3 COLOURED  FLYING DUCKS,48,4.65,Souvenir
PACK OF 12 RED RETROSPOT TISSUES ,24,0.29,Technology
RED RETROSPOT MUG,6,2.95,Technology
BABUSHKA LIGHTS STRING OF 10,4,6.75,Books
PIGGY BANK RETROSPOT ,8,2.55,Technology
SET 7 BABUSHKA NESTING BOXES,6,8.5,Toys
DOORMAT FAIRY CAKE,2,7.95,Food & Beverage
HAND WARMER RED RETROSPOT,12,2.1,Technology
HAND WARMER SCOTTY DOG DESIGN,12,2.1,Technology
HAND WARMER OWL DESIGN,12,2.1,Technology
STRAWBERRY CERAMIC TRINKET BOX,12,1.25,Technology
PINK DOUGHNUT TRINKET POT ,12,1.65,Food & Beverage
SILK PURSE BABUSHKA PINK,6,3.35,Clothing
HOT WATER BOTTLE TEA AND SYMPATHY,4,3.95,Food & Beverage
HOT WATER BOTTLE I AM SO POORLY,8,4.65,Food & Beverage
CHOCOLATE HOT WATER BOTTLE,9,4.95,Food & Beverage
WHITE SKULL HOT WATER BOTTLE ,4,3.75,Food & Beverage
SCOTTIE DOG HOT WATER BOTTLE,9,4.95,Food & Beverage
HAND WARMER RED POLKA DOT,6,1.85,Technology
HAND WARMER UNION JACK,6,1.85,Technology
HOMEMADE JAM SCENTED CANDLES,12,1.45,Food & Beverage
BIRD HOUSE HOT WATER BOTTLE,1,2.55,Food & Beverage
BOUDOIR SQUARE TISSUE BOX,1,1.25,Souvenir
SKULLS SQUARE TISSUE BOX,2,1.25,Souvenir
PHOTO FRAME CORNICE,1,2.95,Souvenir
SILK PURSE BABUSHKA RED,1,3.35,Clothing
PICTURE DOMINOES,1,1.45,Souvenir
S/6 SEW ON CROCHET FLOWERS,1,1.25,Technology
SCANDINAVIAN REDS RIBBONS,2,1.25,Clothing
BALLOONS  WRITING SET ,1,1.65,Technology
JAM MAKING SET PRINTED,4,1.45,Technology
LAVENDER INCENSE IN TIN,1,1.25,Technology
TV DINNER TRAY VINTAGE PAISLEY,1,4.95,Food & Beverage
SET OF 4 ENGLISH ROSE PLACEMATS,2,3.75,Souvenir
SET OF 4 ENGLISH ROSE COASTERS,2,1.25,Souvenir
TRIPLE PHOTO FRAME CORNICE ,2,9.95,Souvenir
FAMILY PHOTO FRAME CORNICE,1,9.95,Souvenir
MIRRORED DISCO BALL ,1,5.95,Technology
DISCO BALL ROTATOR BATTERY OPERATED,1,4.25,Technology
SILVER LOOKING MIRROR,3,4.95,Souvenir
LADIES & GENTLEMEN METAL SIGN,1,2.55,Technology
METAL SIGN HER DINNER IS SERVED ,1,2.95,Food & Beverage
YOU'RE CONFUSING ME METAL SIGN ,2,1.69,Technology
DOORMAT TOPIARY,1,7.95,Technology
BATHROOM METAL SIGN,1,0.55,Technology
KITCHEN METAL SIGN,1,0.55,Technology
TOILET METAL SIGN,2,0.55,Technology
METAL SIGN TAKE IT OR LEAVE IT ,4,2.95,Technology
I'M ON HOLIDAY METAL SIGN,2,2.1,Technology
GROW YOUR OWN BASIL IN ENAMEL MUG,1,2.1,Technology
SET/10 PINK POLKADOT PARTY CANDLES,1,1.25,Technology
SET 20 NAPKINS FAIRY CAKES DESIGN ,1,0.85,Food & Beverage
60 TEATIME FAIRY CAKE CASES,3,0.55,Food & Beverage
SET OF 6 T-LIGHTS SNOWMEN,1,2.95,Technology
SET OF 6 T-LIGHTS SANTA,1,2.95,Technology
SET OF 9 HEART SHAPED BALLOONS,2,1.25,Technology
SANDWICH BATH SPONGE,3,1.25,Souvenir
APPLE BATH SPONGE,1,1.25,Souvenir
STRAWBERRY BATH SPONGE ,1,1.25,Souvenir
BLACK PIRATE TREASURE CHEST,2,1.65,Clothing
STAR PORTABLE TABLE LIGHT ,2,2.95,Technology
SNOWFLAKE PORTABLE TABLE LIGHT ,2,2.95,Technology
PINK OVAL JEWELLED MIRROR,1,5.95,Technology
RETROSPOT CIGAR BOX MATCHES ,1,1.25,Technology
COSY HOUR GIANT TUBE MATCHES,2,2.55,Technology
JAZZ HEARTS PURSE NOTEBOOK,9,0.85,Souvenir
LUNCH BAG DOLLY GIRL DESIGN,1,1.65,Souvenir
WHITE HANGING HEART T-LIGHT HOLDER,4,2.95,Clothing
CANDLEHOLDER PINK HANGING HEART,3,2.95,Souvenir
WOOD 2 DRAWER CABINET WHITE FINISH,1,5.95,Technology
ASSORTED COLOUR MINI CASES,1,7.95,Clothing
LUNCH BAG RED RETROSPOT,1,1.65,Souvenir
LUNCH BAG SPACEBOY DESIGN ,2,1.65,Food & Beverage
LUNCH BAG WOODLAND,1,1.65,Food & Beverage
LUNCH BAG PINK POLKADOT,1,1.65,Food & Beverage
GUMBALL COAT RACK,5,2.55,Clothing
BLUE NEW BAROQUE CANDLESTICK CANDLE,3,2.95,Technology
PINK NEW BAROQUECANDLESTICK CANDLE,3,2.95,Food & Beverage
FAIRY CAKE FLANNEL ASSORTED COLOUR,9,2.55,Food & Beverage
BREAD BIN DINER STYLE PINK,1,16.95,Food & Beverage
JUMBO BAG CHARLIE AND LOLA TOYS,4,2.95,Toys
TEA TIME TABLE CLOTH,1,10.65,Clothing
ENGLISH ROSE HOT WATER BOTTLE,1,4.25,Food & Beverage
ENAMEL FIRE BUCKET CREAM,2,6.95,Food & Beverage
PICNIC BASKET WICKER SMALL,2,5.95,Technology
PAPER CHAIN KIT 50'S CHRISTMAS ,40,2.55,Souvenir
PAPER CHAIN KIT VINTAGE CHRISTMAS,40,2.55,Souvenir
HOT WATER BOTTLE BABUSHKA ,36,4.25,Food & Beverage
HAND WARMER BIRD DESIGN,96,1.85,Technology
POSTAGE,1,15.0,Souvenir
HEART IVORY TRELLIS SMALL,24,1.25,Souvenir
CLEAR DRAWER KNOB ACRYLIC EDWARDIAN,12,1.25,Technology
PINK DRAWER KNOB ACRYLIC EDWARDIAN,12,1.25,Technology
GREEN DRAWER KNOB ACRYLIC EDWARDIAN,12,1.25,Technology
BLUE DRAWER KNOB ACRYLIC EDWARDIAN,12,1.25,Technology
HEART OF WICKER SMALL,12,1.65,Clothing
SMALL POPCORN HOLDER,36,0.85,Souvenir
SET 6 FOOTBALL CELEBRATION CANDLES,12,1.25,Souvenir
SET OF 6 GIRLS CELEBRATION CANDLES,12,1.25,Souvenir
ROMANTIC PINKS RIBBONS ,12,1.25,Clothing
BRIGHT BLUES RIBBONS ,12,1.25,Clothing
SCANDINAVIAN REDS RIBBONS,12,1.25,Clothing
CHOCOLATE BOX RIBBONS ,12,1.25,Food & Beverage
PARTY INVITES FOOTBALL,12,0.85,Souvenir
PARTY INVITES JAZZ HEARTS,12,0.85,Souvenir
PARTY INVITES SPACEMAN,12,0.85,Souvenir
SET OF 3 BUTTERFLY COOKIE CUTTERS,12,1.25,Food & Beverage
SET OF 3 HEART COOKIE CUTTERS,12,1.25,Food & Beverage
3 PIECE SPACEBOY COOKIE CUTTER SET,12,2.1,Toys
PACK OF 72 SKULL CAKE CASES,24,0.55,Food & Beverage
PACK OF 60 SPACEBOY CAKE CASES,24,0.55,Food & Beverage
PACK OF 72 RETROSPOT CAKE CASES,24,0.55,Food & Beverage
72 SWEETHEART FAIRY CAKE CASES,24,0.55,Food & Beverage
PACK OF 60 DINOSAUR CAKE CASES,24,0.55,Food & Beverage
LUNCH BAG SUKI  DESIGN ,10,1.65,Souvenir
LUNCH BAG CARS BLUE,10,1.65,Food & Beverage
LUNCH BAG  BLACK SKULL.,10,1.65,Food & Beverage
HEART IVORY TRELLIS LARGE,24,1.65,Shoes
SET/5 RED RETROSPOT LID GLASS BOWLS,128,2.55,Technology
WHITE HANGING HEART T-LIGHT HOLDER,8,2.55,Clothing
WHITE METAL LANTERN,8,3.39,Technology
CREAM CUPID HEARTS COAT HANGER,8,2.75,Clothing
EDWARDIAN PARASOL RED,6,4.95,Technology
RETRO COFFEE MUGS ASSORTED,6,1.06,Food & Beverage
SAVE THE PLANET MUG,6,1.06,Souvenir
VINTAGE BILLBOARD DRINK ME MUG,6,1.06,Food & Beverage
VINTAGE BILLBOARD LOVE/HATE MUG,6,1.06,Souvenir
WOOD 2 DRAWER CABINET WHITE FINISH,4,4.95,Technology
WOOD S/3 CABINET ANT WHITE FINISH,4,6.95,Technology
WOODEN PICTURE FRAME WHITE FINISH,6,2.1,Souvenir
WOODEN FRAME ANTIQUE WHITE ,6,2.55,Clothing
KNITTED UNION FLAG HOT WATER BOTTLE,6,3.39,Food & Beverage
RED WOOLLY HOTTIE WHITE HEART.,6,3.39,Souvenir
SET 7 BABUSHKA NESTING BOXES,2,7.65,Toys
IVORY EMBROIDERED QUILT ,2,35.75,Clothing
GLASS STAR FROSTED T-LIGHT HOLDER,6,4.25,Clothing
HAND WARMER RED POLKA DOT,6,1.85,Technology
HAND WARMER UNION JACK,6,1.85,Technology
MAGIC DRAWING SLATE DINOSAUR,24,0.42,Technology
MAGIC DRAWING SLATE BAKE A CAKE ,24,0.42,Food & Beverage
12 PENCILS TALL TUBE SKULLS,12,0.85,Technology
CHOCOLATE CALCULATOR,12,1.65,Technology
RED  HARMONICA IN BOX ,12,1.25,Souvenir
BLUE HARMONICA IN BOX ,12,1.25,Technology
SKULLS  WATER TRANSFER TATTOOS ,12,0.85,Technology
PACK 3 BOXES BIRD PANNETONE ,12,1.95,Souvenir
HOT WATER BOTTLE TEA AND SYMPATHY,4,3.95,Food & Beverage
RED WOOLLY HOTTIE WHITE HEART.,4,3.75,Souvenir
WHITE SKULL HOT WATER BOTTLE ,4,3.75,Food & Beverage
3 PIECE SPACEBOY COOKIE CUTTER SET,6,2.1,Toys
SET OF 20 KIDS COOKIE CUTTERS,12,2.1,Food & Beverage
10 COLOUR SPACEBOY PEN,24,0.85,Souvenir
VICTORIAN GLASS HANGING T-LIGHT,12,1.25,Technology
SINGLE HEART ZINC T-LIGHT HOLDER,12,0.95,Souvenir
RED HANGING HEART T-LIGHT HOLDER,6,2.95,Clothing
HANGING METAL STAR LANTERN,12,1.65,Technology
SILVER HANGING T-LIGHT HOLDER,6,1.65,Technology
DOORMAT RED RETROSPOT,2,7.95,Technology
DOORMAT HEARTS,2,7.95,Technology
NATURAL SLATE RECTANGLE CHALKBOARD,12,1.65,Technology
LOVEBIRD HANGING DECORATION WHITE ,12,0.85,Souvenir
ASSORTED COLOUR BIRD ORNAMENT,8,1.69,Souvenir
HOME BUILDING BLOCK WORD,3,5.95,Technology
LOVE BUILDING BLOCK WORD,3,5.95,Technology
PHOTO FRAME CORNICE,8,2.95,Souvenir
PENS ASSORTED FUNNY FACE,36,0.85,Souvenir
CARD CIRCUS PARADE,12,0.42,Clothing
WRAP COWBOYS  ,25,0.42,Clothing
AIRLINE BAG VINTAGE TOKYO 78,4,4.25,Technology
RED RETROSPOT UMBRELLA,3,5.95,Technology
BLACK/BLUE POLKADOT UMBRELLA,3,5.95,Technology
RED 3 PIECE RETROSPOT CUTLERY SET,6,3.75,Technology
PACK OF 72 RETROSPOT CAKE CASES,24,0.55,Food & Beverage
SET OF 72 RETROSPOT PAPER  DOILIES,12,1.45,Technology
BLUE COAT RACK PARIS FASHION,3,4.95,Clothing
PLASTERS IN TIN SKULLS,12,1.65,Technology
SLEEPING CAT ERASERS,30,0.21,Souvenir
CARD BIRTHDAY COWBOY,12,0.42,Souvenir
PACK 3 BOXES CHRISTMAS PANNETONE,12,1.95,Food & Beverage
ROTATING SILVER ANGELS T-LIGHT HLDR,6,2.55,Technology
COSY HOUR GIANT TUBE MATCHES,12,2.55,Technology
RIBBON REEL MAKING SNOWMEN ,10,1.65,Technology
MINI PAINT SET VINTAGE ,36,0.65,Souvenir
4 TRADITIONAL SPINNING TOPS,12,1.25,Technology
SET OF 6 SOLDIER SKITTLES,4,3.75,Clothing
BAG 500g SWIRLY MARBLES,12,1.65,Technology
5 STRAND GLASS NECKLACE CRYSTAL,3,6.35,Clothing
WHITE SKULL HOT WATER BOTTLE ,1,3.75,Food & Beverage
SCOTTIE DOG HOT WATER BOTTLE,1,4.95,Food & Beverage
SQUARECUSHION COVER PINK UNION FLAG,1,6.75,Clothing
SPACEBOY CHILDRENS EGG CUP,1,1.25,Technology
CHILDREN'S SPACEBOY MUG,1,1.65,Technology
HAND WARMER SCOTTY DOG DESIGN,1,2.1,Technology
FELTCRAFT CUSHION OWL,1,3.75,Technology
BLACK CANDELABRA T-LIGHT HOLDER,1,2.1,Technology
TOY TIDY DOLLY GIRL DESIGN,1,2.1,Toys
SET 12 LAVENDER  BOTANICAL T-LIGHTS,1,2.95,Technology
UNION JACK FLAG LUGGAGE TAG,1,1.25,Technology
RED HEART LUGGAGE TAG,1,1.25,Souvenir
RED GLASS TASSLE BAG CHARM,1,2.95,Clothing
CLEAR ACRYLIC FACETED BANGLE,1,2.95,Technology
5 STRAND GLASS NECKLACE CRYSTAL,1,6.35,Clothing
DOORMAT UNION JACK GUNS AND ROSES,1,7.95,Technology
VANILLA SCENT CANDLE JEWELLED BOX,1,4.25,Food & Beverage
FULL ENGLISH BREAKFAST PLATE,1,3.75,Food & Beverage
BLACK CANDELABRA T-LIGHT HOLDER,5,2.1,Technology
MAGIC DRAWING SLATE CIRCUS PARADE  ,1,0.42,Technology
CHRISTMAS HANGING HEART WITH BELL,1,1.25,Souvenir
CAKE STAND VICTORIAN FILIGREE MED,1,6.75,Food & Beverage
PAISLEY PATTERN  STICKERS,6,0.85,Cosmetics
FLOWERS  STICKERS,6,0.85,Souvenir
PINK NEW BAROQUECANDLESTICK CANDLE,1,2.95,Food & Beverage
BLUE NEW BAROQUE CANDLESTICK CANDLE,3,2.95,Technology
JUMBO STORAGE BAG SUKI,2,1.95,Toys
BLACK LOVE BIRD CANDLE,12,1.25,Souvenir
PARTY TIME PENCIL ERASERS,28,0.21,Technology
DISCO BALL CHRISTMAS DECORATION,24,0.12,Technology
PINK B'FLY C/COVER W BOBBLES,1,5.95,Clothing
PINK UNION JACK  LUGGAGE TAG,1,1.25,Souvenir
6 RIBBONS ELEGANT CHRISTMAS ,1,1.65,Clothing
UNION JACK FLAG LUGGAGE TAG,1,1.25,Technology
AGED GLASS SILVER T-LIGHT HOLDER,12,0.65,Technology
BOOM BOX SPEAKER GIRLS,1,5.95,Toys
6 RIBBONS SHIMMERING PINKS ,1,1.65,Clothing
 SET 2 TEA TOWELS I LOVE LONDON ,1,2.95,Food & Beverage
JUMBO BAG OWLS,1,1.95,Toys
SANDWICH BATH SPONGE,2,1.25,Souvenir
OWL DOORSTOP,1,4.95,Technology
5 STRAND GLASS NECKLACE CRYSTAL,2,6.35,Clothing
HAND WARMER UNION JACK,1,2.1,Technology
HAND WARMER SCOTTY DOG DESIGN,1,2.1,Technology
LARGE POPCORN HOLDER ,1,1.65,Technology
PAINTED METAL STAR WITH HOLLY BELLS,3,1.45,Technology
PAINTED METAL HEART WITH HOLLY BELL,3,1.45,Technology
ANGEL DECORATION STARS ON DRESS,6,0.42,Clothing
SMALL POPCORN HOLDER,2,0.85,Souvenir
JUMBO BAG RED RETROSPOT,2,1.95,Souvenir
JUMBO BAG STRAWBERRY,1,1.95,Food & Beverage
STRAWBERRY SHOPPER BAG,1,1.25,Food & Beverage
STRAWBERRY CHARLOTTE BAG,1,0.85,Food & Beverage
 SET 2 TEA TOWELS I LOVE LONDON ,1,2.95,Food & Beverage
PACK OF 12 RED RETROSPOT TISSUES ,12,0.29,Technology
SCOTTIE DOG HOT WATER BOTTLE,1,4.95,Food & Beverage
CHOCOLATE HOT WATER BOTTLE,1,4.95,Food & Beverage
LUNCH BAG CARS BLUE,3,1.65,Food & Beverage
LUNCH BAG SPACEBOY DESIGN ,3,1.65,Food & Beverage
ROUND SNACK BOXES SET OF4 WOODLAND ,1,2.95,Toys
LUNCH BAG DOLLY GIRL DESIGN,4,1.65,Souvenir
LUNCH BAG SUKI  DESIGN ,3,1.65,Souvenir
LUNCH BAG  BLACK SKULL.,3,1.65,Food & Beverage
ROUND SNACK BOXES SET OF 4 FRUITS ,1,2.95,Food & Beverage
ROUND SNACK BOXES SET OF 4 SKULLS,1,2.95,Toys
DOLLY GIRL LUNCH BOX,1,1.95,Toys
SPACEBOY LUNCH BOX ,1,1.95,Toys
GREEN POLKADOT PLATE ,1,1.69,Technology
BLUE POLKADOT PLATE ,1,1.69,Technology
RED RETROSPOT PLATE ,1,1.69,Technology
PINK  POLKADOT PLATE ,1,1.69,Technology
ROUND SNACK BOXES SET OF 4 SKULLS,1,2.95,Toys
FELTCRAFT DOLL MOLLY,1,2.95,Technology
FELTCRAFT CHRISTMAS FAIRY,3,4.25,Technology
TRAVEL SEWING KIT,5,1.65,Technology
SET OF 3 NOTEBOOKS IN PARCEL,1,1.65,Books
RED RETROSPOT TAPE,10,0.65,Technology
COSY SLIPPER SHOES SMALL  RED ,1,2.95,Shoes
6 RIBBONS RUSTIC CHARM,1,1.65,Clothing
SCANDINAVIAN REDS RIBBONS,3,1.25,Clothing
JAM MAKING SET PRINTED,24,1.45,Technology
12 DAISY PEGS IN WOOD BOX,2,1.65,Toys
HOT WATER BOTTLE BABUSHKA ,3,4.65,Food & Beverage
FELTCRAFT PRINCESS CHARLOTTE DOLL,2,3.75,Technology
FELTCRAFT CHRISTMAS FAIRY,1,4.25,Technology
FELTCRAFT PRINCESS CHARLOTTE DOLL,1,3.75,Technology
6 RIBBONS RUSTIC CHARM,2,1.65,Clothing
COSY SLIPPER SHOES SMALL  RED ,2,2.95,Shoes
SCANDINAVIAN REDS RIBBONS,1,1.25,Clothing
5 HOOK HANGER RED MAGIC TOADSTOOL,6,1.65,Toys
CHRISTMAS CRAFT TREE TOP ANGEL,1,2.1,Souvenir
CHRISTMAS CRAFT LITTLE FRIENDS,2,2.1,Toys
5 HOOK HANGER RED MAGIC TOADSTOOL,3,1.65,Toys
6 RIBBONS RUSTIC CHARM,7,1.65,Clothing
12 DAISY PEGS IN WOOD BOX,1,1.65,Toys
SET OF 3 NOTEBOOKS IN PARCEL,5,1.65,Books
5 HOOK HANGER MAGIC TOADSTOOL,5,1.65,Toys
SCANDINAVIAN REDS RIBBONS,12,1.25,Clothing
RED TOADSTOOL LED NIGHT LIGHT,5,1.65,Technology
5 HOOK HANGER RED MAGIC TOADSTOOL,1,1.65,Toys
COSY SLIPPER SHOES SMALL GREEN,2,2.95,Shoes
COSY SLIPPER SHOES SMALL  RED ,5,2.95,Shoes
FELTCRAFT DOLL ROSIE,2,2.95,Technology
FELTCRAFT DOLL MOLLY,1,2.95,Technology
FELTCRAFT DOLL EMILY,2,2.95,Technology
FELTCRAFT PRINCESS CHARLOTTE DOLL,1,3.75,Technology
FELTCRAFT PRINCESS OLIVIA DOLL,2,3.75,Technology
REX CASH+CARRY JUMBO SHOPPER,1,0.95,Toys
FELTCRAFT DOLL MOLLY,2,2.95,Technology
FELTCRAFT CUSHION OWL,3,3.75,Technology
CHRISTMAS CRAFT TREE TOP ANGEL,1,2.1,Souvenir
CHRISTMAS CRAFT LITTLE FRIENDS,1,2.1,Toys
FELTCRAFT CUSHION RABBIT,3,3.75,Technology
FELTCRAFT CUSHION BUTTERFLY,2,3.75,Technology
12 DAISY PEGS IN WOOD BOX,1,1.65,Toys
PAPER CHAIN KIT 50'S CHRISTMAS ,1,2.95,Souvenir
FELTCRAFT CUSHION BUTTERFLY,2,3.75,Technology
12 DAISY PEGS IN WOOD BOX,2,1.65,Toys
ROSE COTTAGE KEEPSAKE BOX ,4,9.95,Food & Beverage
TOTE BAG I LOVE LONDON,7,2.1,Technology
12 DAISY PEGS IN WOOD BOX,2,1.65,Toys
TOTE BAG I LOVE LONDON,7,2.1,Technology
FOLDING UMBRELLA PINKWHITE POLKADOT,1,4.95,Clothing
FOLDING UMBRELLA CREAM POLKADOT,1,4.95,Food & Beverage
FOLDING UMBRELLA WHITE/RED POLKADOT,1,4.95,Technology
SET 10 LIGHTS NIGHT OWL,2,6.75,Technology
SMALL POPCORN HOLDER,5,0.85,Souvenir
 SET 2 TEA TOWELS I LOVE LONDON ,2,2.95,Food & Beverage
FOLDING UMBRELLA RED/WHITE POLKADOT,1,4.95,Technology
BABUSHKA LIGHTS STRING OF 10,2,6.75,Books
LUNCH BAG RED RETROSPOT,1,1.65,Souvenir
S/4 VALENTINE DECOUPAGE HEART BOX,1,2.95,Souvenir
FOLDING UMBRELLA CREAM POLKADOT,1,4.95,Food & Beverage
 SET 2 TEA TOWELS I LOVE LONDON ,2,2.95,Food & Beverage
FOLDING UMBRELLA RED/WHITE POLKADOT,1,4.95,Technology
SOLDIERS EGG CUP ,6,1.25,Souvenir
S/4 VALENTINE DECOUPAGE HEART BOX,1,2.95,Souvenir
RED RETROSPOT MINI CASES,1,7.95,Technology
60 CAKE CASES VINTAGE CHRISTMAS,10,0.55,Food & Beverage
PAPER CHAIN KIT VINTAGE CHRISTMAS,5,2.95,Souvenir
RIBBON REEL CHRISTMAS SOCK BAUBLE,3,1.65,Toys
RIBBON REEL SNOWY VILLAGE,3,1.65,Clothing
RIBBON REEL MAKING SNOWMEN ,3,1.65,Technology
SET OF 20 VINTAGE CHRISTMAS NAPKINS,5,0.85,Toys
TURQUOISE CHRISTMAS TREE ,2,1.25,Toys
RED STAR CARD HOLDER,5,2.95,Technology
WICKER WREATH SMALL,3,1.45,Clothing
HEART OF WICKER LARGE,1,2.95,Clothing
ADVENT CALENDAR GINGHAM SACK,1,5.95,Technology
HEART OF WICKER SMALL,5,1.65,Clothing
FELTCRAFT BUTTERFLY HEARTS,4,1.45,Technology
PARTY CONE CHRISTMAS DECORATION ,6,0.85,Food & Beverage
VINTAGE HEADS AND TAILS CARD GAME ,3,1.25,Technology
WICKER STAR ,5,2.1,Technology
VINTAGE SNAP CARDS,3,0.85,Souvenir
FELTCRAFT 6 FLOWER FRIENDS,4,2.1,Technology
 SET 2 TEA TOWELS I LOVE LONDON ,3,2.95,Food & Beverage
JAM MAKING SET PRINTED,3,1.45,Technology
BIRD DECORATION RED RETROSPOT,12,0.85,Souvenir
CHRISTMAS GINGHAM TREE,5,0.85,Souvenir
CHRISTMAS GINGHAM STAR,4,0.85,Clothing
CHRISTMAS GINGHAM HEART,6,0.85,Souvenir
PACK OF 12 PINK POLKADOT TISSUES,12,0.29,Toys
FELTCRAFT PRINCESS LOLA DOLL,2,3.75,Technology
PACK OF 12 LONDON TISSUES ,12,0.29,Technology
PURPLE DRAWERKNOB ACRYLIC EDWARDIAN,1,1.25,Technology
CHILDREN'S APRON DOLLY GIRL ,2,2.1,Toys
CHILDRENS APRON SPACEBOY DESIGN,3,1.95,Technology
CHRISTMAS LIGHTS 10 SANTAS ,3,8.5,Souvenir
CHRISTMAS LIGHTS 10 REINDEER,3,8.5,Souvenir
PAPER CHAIN KIT 50'S CHRISTMAS ,6,2.95,Souvenir
FELTCRAFT CHRISTMAS FAIRY,2,4.25,Technology
PACK OF 72 RETROSPOT CAKE CASES,2,0.55,Food & Beverage
PACK OF 60 MUSHROOM CAKE CASES,2,0.55,Food & Beverage
60 CAKE CASES DOLLY GIRL DESIGN,2,0.55,Food & Beverage
PACK OF 60 PINK PAISLEY CAKE CASES,3,0.55,Food & Beverage
HAND WARMER BABUSHKA DESIGN,3,2.1,Technology
HAND WARMER BIRD DESIGN,3,2.1,Technology
HAND WARMER OWL DESIGN,3,2.1,Technology
HAND WARMER RED RETROSPOT,3,2.1,Technology
SET 12 RETRO WHITE CHALK STICKS,2,0.42,Technology
FELTCRAFT HAIRBAND RED AND BLUE,4,0.85,Technology
FELTCRAFT HAIRBAND PINK AND PURPLE,3,0.85,Technology
FELTCRAFT HAIRBANDS PINK AND WHITE ,3,0.85,Technology
TV DINNER TRAY DOLLY GIRL,2,4.95,Toys
PLASTERS IN TIN VINTAGE PAISLEY ,3,1.65,Technology
PLASTERS IN TIN SPACEBOY,3,1.65,Technology
PLASTERS IN TIN WOODLAND ANIMALS,3,1.65,Technology
MAGIC DRAWING SLATE SPACEBOY ,3,0.42,Technology
MAGIC DRAWING SLATE CIRCUS PARADE  ,3,0.42,Technology
MAGIC DRAWING SLATE GO TO THE FAIR ,3,0.42,Technology
MAGIC DRAWING SLATE DOLLY GIRL ,3,0.42,Technology
CHARLIE + LOLA RED HOT WATER BOTTLE,3,2.95,Food & Beverage
HOT WATER BOTTLE BABUSHKA ,3,4.65,Food & Beverage
URBAN BLACK RIBBONS ,2,1.25,Clothing
FELTCRAFT PRINCESS CHARLOTTE DOLL,2,3.75,Technology
SET OF 6 T-LIGHTS TOADSTOOLS,12,2.95,Toys
ROTATING LEAVES T-LIGHT HOLDER,12,1.25,Technology
RED  HARMONICA IN BOX ,72,1.25,Souvenir
CUPCAKE LACE PAPER SET 6,12,1.95,Souvenir
FAMILY PHOTO FRAME CORNICE,4,9.95,Souvenir
TRIPLE PHOTO FRAME CORNICE ,4,9.95,Souvenir
WOODEN FRAME ANTIQUE WHITE ,6,2.95,Clothing
WOODEN BOX OF DOMINOES,12,1.25,Souvenir
TRADITIONAL WOODEN CATCH CUP GAME ,12,1.25,Clothing
TRADITIONAL WOODEN SKIPPING ROPE,12,1.25,Books
S/6 WOODEN SKITTLES IN COTTON BAG,6,2.95,Clothing
RED METAL BEACH SPADE ,12,1.25,Technology
BOYS VINTAGE TIN SEASIDE BUCKET,8,2.55,Toys
GIRLS VINTAGE TIN SEASIDE BUCKET,8,2.55,Toys
GREY HEART HOT WATER BOTTLE,4,3.75,Food & Beverage
SCOTTIE DOG HOT WATER BOTTLE,3,4.95,Food & Beverage
BIRD HOUSE HOT WATER BOTTLE,6,2.55,Food & Beverage
KINGS CHOICE TEA CADDY ,6,2.95,Food & Beverage
KINGS CHOICE BISCUIT TIN,4,4.25,Food & Beverage
METAL SIGN EMPIRE TEA,6,2.95,Food & Beverage
HOMEMADE JAM SCENTED CANDLES,12,1.45,Food & Beverage
SET OF 6 SOLDIER SKITTLES,4,3.75,Clothing
FAWN BLUE HOT WATER BOTTLE,6,2.95,Food & Beverage
HAND WARMER RED RETROSPOT,12,2.1,Technology
HOT WATER BOTTLE BABUSHKA ,8,4.65,Food & Beverage
WHITE SKULL HOT WATER BOTTLE ,8,3.75,Food & Beverage
RETROSPOT HEART HOT WATER BOTTLE,8,4.95,Technology
RED WOOLLY HOTTIE WHITE HEART.,8,3.75,Souvenir
SCOTTIE DOG HOT WATER BOTTLE,16,4.95,Food & Beverage
GREY HEART HOT WATER BOTTLE,8,3.75,Food & Beverage
HOT WATER BOTTLE BABUSHKA ,8,4.65,Food & Beverage
PACK OF 6 BIRDY GIFT TAGS,12,1.25,Toys
CHILLI LIGHTS,8,4.95,Technology
PIGGY BANK RETROSPOT ,12,2.55,Technology
CERAMIC STRAWBERRY MONEY BOX,6,2.55,Technology
CERAMIC STRAWBERRY CAKE MONEY BANK,12,1.45,Food & Beverage
CERAMIC CHERRY CAKE MONEY BANK,12,1.45,Food & Beverage
CERAMIC HEART FAIRY CAKE MONEY BANK,12,1.45,Food & Beverage
CERAMIC PIRATE CHEST MONEY BANK,12,1.45,Technology
DOORSTOP RETROSPOT HEART,8,3.75,Technology
GINGHAM HEART  DOORSTOP RED,3,4.25,Clothing
RETROSPOT BABUSHKA DOORSTOP,4,3.75,Technology
SILK PURSE BABUSHKA RED,6,3.35,Clothing
SILK PURSE BABUSHKA PINK,6,3.35,Clothing
FAMILY PHOTO FRAME CORNICE,2,9.95,Souvenir
SWEETHEART WIRE WALL TIDY,2,9.95,Clothing
JAM MAKING SET PRINTED,12,1.45,Technology
RED RETROSPOT OVEN GLOVE ,200,1.06,Technology
CREAM HEART CARD HOLDER,72,3.39,Souvenir
NAMASTE SWAGAT INCENSE,600,0.24,Souvenir
CERAMIC STRAWBERRY DESIGN MUG,48,1.25,Food & Beverage
BLACK HEART CARD HOLDER,36,3.39,Souvenir
CLASSICAL ROSE SMALL VASE,48,1.25,Souvenir
HYACINTH BULB T-LIGHT CANDLES,32,0.42,Technology
CHRISTMAS CRAFT WHITE FAIRY ,2,1.45,Souvenir
CHRISTMAS CRAFT LITTLE FRIENDS,2,2.1,Toys
COSY HOUR CIGAR BOX MATCHES ,6,1.25,Souvenir
RED TEA TOWEL CLASSIC DESIGN,12,1.25,Food & Beverage
HEART FILIGREE DOVE  SMALL,48,1.25,Souvenir
RETROSPOT CHILDRENS APRON,1,1.95,Technology
COLOURING PENCILS BROWN TUBE,5,0.85,Technology
4 IVORY DINNER CANDLES SILVER FLOCK,6,2.55,Souvenir
HEART FILIGREE DOVE  SMALL,24,1.25,Souvenir
ZINC METAL HEART DECORATION,12,1.25,Technology
GREEN FERN NOTEBOOK,2,1.65,Technology
BLUE PAISLEY NOTEBOOK,2,1.65,Souvenir
CHRYSANTHEMUM NOTEBOOK,2,1.65,Cosmetics
LARGE CHINESE STYLE SCISSOR,10,0.85,Technology
SMALL CHINESE STYLE SCISSOR,10,0.42,Technology
S/6 WOODEN SKITTLES IN COTTON BAG,2,2.95,Clothing
TRADITIONAL WOODEN SKIPPING ROPE,2,1.25,Books
SET OF 6 SOLDIER SKITTLES,8,3.75,Clothing
4 TRADITIONAL SPINNING TOPS,6,1.25,Technology
ROTATING SILVER ANGELS T-LIGHT HLDR,12,2.55,Technology
BLACK LOVE BIRD CANDLE,24,1.25,Souvenir
RETROSPOT CHILDRENS APRON,3,1.95,Technology
HANGING GLASS ETCHED TEALIGHT,6,1.65,Technology
HANGING GLASS ETCHED TEALIGHT,6,1.65,Technology
BLUE NEW BAROQUE CANDLESTICK CANDLE,10,2.95,Technology
COOKING SET RETROSPOT,2,9.95,Food & Beverage
KINGS CHOICE GIANT TUBE MATCHES,4,2.55,Technology
COSY HOUR GIANT TUBE MATCHES,4,2.55,Technology
PLACE SETTING WHITE STAR,24,0.42,Souvenir
HYACINTH BULB T-LIGHT CANDLES,16,0.42,Technology
S/15 SILVER GLASS BAUBLES IN BAG,24,1.25,Souvenir
FRENCH WC SIGN BLUE METAL,12,1.25,Technology
KINGS CHOICE GIANT TUBE MATCHES,12,2.55,Technology
72 SWEETHEART FAIRY CAKE CASES,24,0.55,Food & Beverage
ASSORTED COLOUR BIRD ORNAMENT,24,1.69,Souvenir
FAIRY SOAP SOAP HOLDER,12,1.69,Souvenir
GREEN GIANT GARDEN THERMOMETER,2,5.95,Technology
IVORY GIANT GARDEN THERMOMETER,4,5.95,Technology
BLUE GIANT GARDEN THERMOMETER,2,5.95,Technology
PACK OF 60 PINK PAISLEY CAKE CASES,24,0.55,Food & Beverage
RETROSPOT HEART HOT WATER BOTTLE,6,4.95,Technology
CHICK GREY HOT WATER BOTTLE,8,3.45,Food & Beverage
VICTORIAN SEWING BOX SMALL ,2,5.95,Souvenir
VICTORIAN SEWING BOX MEDIUM,2,7.95,Souvenir
SET/10 RED POLKADOT PARTY CANDLES,24,1.25,Technology
WASHROOM METAL SIGN,12,1.45,Technology
BLACK SWEETHEART BRACELET,2,4.25,Souvenir
DIAMANTE HAIR GRIP PACK/2 BLACK DIA,2,1.65,Technology
BLACK DIAMANTE EXPANDABLE RING,2,4.25,Technology
DIAMANTE HAIR GRIP PACK/2 RUBY,3,1.65,Technology
DIAMANTE HAIR GRIP PACK/2 MONTANA,1,1.65,Technology
BLUE SWEETHEART BRACELET,1,4.25,Souvenir
PINK SWEETHEART BRACELET,3,4.25,Souvenir
PURPLE SWEETHEART BRACELET,1,4.25,Souvenir
JUMBO BAG PINK POLKADOT,1,1.95,Toys
JUMBO BAG RED RETROSPOT,1,1.95,Souvenir
ASSORTED COLOUR BIRD ORNAMENT,8,1.69,Souvenir
PAPER CHAIN KIT 50'S CHRISTMAS ,1,2.95,Souvenir
RIBBON REEL CHRISTMAS PRESENT ,1,1.65,Toys
FIRST AID TIN,1,3.25,Technology
MAKE YOUR OWN MONSOON CARD KIT,2,2.95,Souvenir
PACK OF 12 HEARTS DESIGN TISSUES ,1,0.29,Technology
PACK OF 12 RED RETROSPOT TISSUES ,1,0.29,Technology
SOLDIERS EGG CUP ,1,1.25,Souvenir
HEART IVORY TRELLIS SMALL,1,1.25,Souvenir
HEART FILIGREE DOVE  SMALL,1,1.25,Souvenir
HEART FILIGREE DOVE LARGE,1,1.65,Souvenir
PACK 3 BOXES BIRD PANNETONE ,2,1.95,Souvenir
PACK 3 BOXES CHRISTMAS PANNETONE,6,1.95,Food & Beverage
SMALL POPCORN HOLDER,5,0.85,Souvenir
PACK OF 60 PINK PAISLEY CAKE CASES,1,0.55,Food & Beverage
SET OF 6 SOLDIER SKITTLES,1,3.75,Clothing
SWIRLY CIRCULAR RUBBERS IN BAG,1,0.42,Technology
VINTAGE PAISLEY STATIONERY SET,1,2.95,Technology
PAPER CHAIN KIT VINTAGE CHRISTMAS,1,2.95,Souvenir
SET/10 BLUE POLKADOT PARTY CANDLES,1,1.25,Technology
RIBBON REEL SOCKS AND MITTENS,2,1.65,Toys
60 CAKE CASES VINTAGE CHRISTMAS,2,0.55,Food & Beverage
CHRISTMAS METAL TAGS ASSORTED ,6,0.85,Technology
CHRISTMAS TREE T-LIGHT HOLDER,2,1.45,Toys
STAR  T-LIGHT HOLDER ,4,1.45,Technology
HEART T-LIGHT HOLDER ,2,1.45,Clothing
MINI FUNKY DESIGN TAPES,2,0.85,Souvenir
SET OF 6 T-LIGHTS SNOWMEN,1,2.95,Technology
STAR WOODEN CHRISTMAS DECORATION,1,0.85,Souvenir
WOODEN HEART CHRISTMAS SCANDINAVIAN,1,0.85,Souvenir
CHRISTMAS RETROSPOT TREE WOOD,2,0.85,Souvenir
SET OF 6 T-LIGHTS SANTA,1,2.95,Technology
SET/9 CHRISTMAS T-LIGHTS SCENTED ,1,1.25,Technology
BLUE ROSE FABRIC MIRROR,1,1.25,Technology
THREE CANVAS LUGGAGE TAGS,1,1.95,Technology
RETROSPOT PARTY BAG + STICKER SET,1,1.65,Technology
PLASTERS IN TIN VINTAGE PAISLEY ,1,1.65,Technology
RETROSPOT SMALL TUBE MATCHES,1,1.65,Technology
HAND WARMER SCOTTY DOG DESIGN,1,2.1,Technology
3D CHRISTMAS STAMPS STICKERS ,2,1.25,Technology
HAND WARMER SCOTTY DOG DESIGN,1,2.1,Technology
HAND WARMER SCOTTY DOG DESIGN,3,2.1,Technology
CLOTHES PEGS RETROSPOT PACK 24 ,2,1.49,Clothing
36 FOIL HEART CAKE CASES,1,2.1,Food & Beverage
CHRISTMAS METAL TAGS ASSORTED ,6,0.85,Technology
PACK OF 6 SWEETIE GIFT BOXES,1,2.55,Food & Beverage
PACK OF 72 RETROSPOT CAKE CASES,1,0.55,Food & Beverage
PACK OF 72 RETROSPOT CAKE CASES,2,0.55,Food & Beverage
PACK OF 6 BIRDY GIFT TAGS,3,1.25,Toys
SET/10 RED POLKADOT PARTY CANDLES,1,1.25,Technology
SET/10 PINK POLKADOT PARTY CANDLES,1,1.25,Technology
SET OF 3 NOTEBOOKS IN PARCEL,1,1.65,Books
STAR  T-LIGHT HOLDER ,1,1.45,Technology
CINAMMON SET OF 9 T-LIGHTS,3,0.85,Technology
ORANGE SCENTED SET/9 T-LIGHTS,5,0.85,Technology
RIBBON REEL STRIPES DESIGN ,5,1.65,Technology
SET OF 2 TINS JARDIN DE PROVENCE,2,4.95,Souvenir
MAKE YOUR OWN PLAYTIME CARD KIT,1,2.95,Technology
DINOSAURS  WRITING SET ,1,1.65,Souvenir
BALLOONS  WRITING SET ,1,1.65,Technology
SKULLS WRITING SET ,1,1.65,Technology
VINTAGE PAISLEY STATIONERY SET,1,2.95,Technology
COSY SLIPPER SHOES SMALL  RED ,1,2.95,Shoes
DOORMAT BLACK FLOCK ,1,7.95,Clothing
JUMBO  BAG BAROQUE BLACK WHITE,1,1.95,Clothing
JAM MAKING SET WITH JARS,1,4.25,Technology
ORANGE SCENTED SET/9 T-LIGHTS,1,0.85,Technology
CINAMMON SET OF 9 T-LIGHTS,2,0.85,Technology
HAND WARMER SCOTTY DOG DESIGN,1,2.1,Technology
CHRISTMAS DECOUPAGE CANDLE,1,0.85,Souvenir
HEART T-LIGHT HOLDER ,8,1.45,Clothing
GROW YOUR OWN BASIL IN ENAMEL MUG,1,2.1,Technology
OFFICE MUG WARMER POLKADOT,1,2.95,Technology
SMALL POPCORN HOLDER,6,0.85,Souvenir
JUMBO BAG DOLLY GIRL DESIGN,1,1.95,Toys
JAM MAKING SET WITH JARS,6,4.25,Technology
JAM MAKING SET PRINTED,12,1.45,Technology
SMALL GLASS HEART TRINKET POT,48,1.85,Technology
RED WOOLLY HOTTIE WHITE HEART.,24,3.39,Souvenir
BLACK RECORD COVER FRAME,480,3.39,Technology
"RECORD FRAME 7"" SINGLE SIZE ",48,2.1,Technology
36 PENCILS TUBE RED RETROSPOT,16,1.25,Technology
36 PENCILS TUBE WOODLAND,16,1.25,Technology
SET OF 6 SOLDIER SKITTLES,4,3.75,Clothing
ROCKING HORSE RED CHRISTMAS ,96,0.72,Souvenir
CHRISTMAS GINGHAM HEART,144,0.72,Souvenir
CHRISTMAS GINGHAM STAR,144,0.72,Clothing
HAND WARMER UNION JACK,12,2.1,Technology
HAND WARMER RED RETROSPOT,12,2.1,Technology
REGENCY CAKESTAND 3 TIER,16,10.95,Technology
JUMBO SHOPPER VINTAGE RED PAISLEY,10,1.95,Food & Beverage
RIBBON REEL SNOWY VILLAGE,5,1.65,Clothing
VINTAGE UNION JACK BUNTING,1,8.5,Technology
JAM MAKING SET WITH JARS,8,4.25,Technology
RIBBON REEL STRIPES DESIGN ,5,1.65,Technology
RETRO LONGBOARD IRONING BOARD COVER,1,3.75,Technology
3D DOG PICTURE PLAYING CARDS,1,2.95,Technology
RETROSPOT CIGAR BOX MATCHES ,1,1.25,Technology
SET/9 CHRISTMAS T-LIGHTS SCENTED ,2,1.25,Technology
ROTATING SILVER ANGELS T-LIGHT HLDR,1,2.55,Technology
ROTATING SILVER ANGELS T-LIGHT HLDR,1,2.55,Technology
SAVE THE PLANET COTTON TOTE BAG,1,2.25,Souvenir
SET OF 20 VINTAGE CHRISTMAS NAPKINS,1,0.85,Toys
PAPER BUNTING WHITE LACE,1,2.95,Souvenir
GENTLEMAN SHIRT REPAIR KIT ,2,0.85,Clothing
CARD I LOVE LONDON ,12,0.42,Souvenir
PAPER CHAIN KIT VINTAGE CHRISTMAS,1,2.95,Souvenir
MIRRORED WALL ART FOXY,2,6.35,Souvenir
MIRRORED WALL ART GENTS,1,2.55,Souvenir
AIRLINE BAG VINTAGE JET SET WHITE,1,4.25,Souvenir
JAM MAKING SET PRINTED,1,1.45,Technology
POTTING SHED SOW 'N' GROW SET,1,4.25,Shoes
BABUSHKA LIGHTS STRING OF 10,1,6.75,Books
REX CASH+CARRY JUMBO SHOPPER,1,0.95,Toys
AIRLINE BAG VINTAGE WORLD CHAMPION ,1,4.25,Technology
HAND WARMER BIRD DESIGN,1,2.1,Technology
CHRISTMAS CRAFT LITTLE FRIENDS,1,2.1,Toys
PINK HEARTS PAPER GARLAND,1,1.65,Shoes
POTTING SHED SEED ENVELOPES,3,1.25,Technology
HI TEC ALPINE HAND WARMER,3,1.65,Technology
FELTCRAFT CHRISTMAS FAIRY,1,4.25,Technology
HI TEC ALPINE HAND WARMER,1,1.65,Technology
ROTATING SILVER ANGELS T-LIGHT HLDR,3,2.55,Technology
3 STRIPEY MICE FELTCRAFT,1,1.95,Technology
FELTCRAFT 6 FLOWER FRIENDS,2,2.1,Technology
CHRISTMAS CRAFT LITTLE FRIENDS,2,2.1,Toys
VINTAGE UNION JACK CUSHION COVER,10,4.95,Clothing
POLYESTER FILLER PAD 45x45cm,10,1.55,Technology
DOLLY GIRL LUNCH BOX,2,1.95,Toys
PACK OF 12 LONDON TISSUES ,12,0.29,Technology
CARD DOLLY GIRL ,12,0.42,Toys
CARD BILLBOARD FONT,12,0.42,Souvenir
RAINY LADIES BIRTHDAY CARD,12,0.42,Souvenir
GREY HEART HOT WATER BOTTLE,3,3.75,Food & Beverage
RED WOOLLY HOTTIE WHITE HEART.,2,3.75,Souvenir
RED WHITE SCARF  HOT WATER BOTTLE,2,3.95,Food & Beverage
 SET 2 TEA TOWELS I LOVE LONDON ,7,2.95,Food & Beverage
SET OF 2 TEA TOWELS APPLE AND PEARS,3,2.95,Food & Beverage
SET/2 RED RETROSPOT TEA TOWELS ,3,2.95,Food & Beverage
LOVE BUILDING BLOCK WORD,6,5.95,Technology
HOME BUILDING BLOCK WORD,6,5.95,Technology
ASSORTED COLOUR BIRD ORNAMENT,16,1.69,Souvenir
LANTERN CREAM GAZEBO ,3,4.95,Food & Beverage
BLUE BIRDHOUSE DECORATION,12,0.85,Souvenir
WHITE HANGING HEART T-LIGHT HOLDER,6,2.95,Clothing
REGENCY CAKESTAND 3 TIER,2,12.75,Technology
ANTIQUE SILVER TEA GLASS ENGRAVED,72,1.06,Technology
AGED GLASS SILVER T-LIGHT HOLDER,144,0.55,Technology
JAM MAKING SET WITH JARS,-6,4.25,Technology
HAND WARMER OWL DESIGN,36,2.1,Technology
SET OF 2 WOODEN MARKET CRATES,4,12.75,Souvenir
SET OF 6 T-LIGHTS TOADSTOOLS,6,2.95,Toys
HAND WARMER UNION JACK,36,2.1,Technology
HAND WARMER SCOTTY DOG DESIGN,36,2.1,Technology
CLASSIC FRENCH STYLE BASKET NATURAL,1,6.75,Clothing
CRAZY DAISY HEART DECORATION,1,1.25,Souvenir
GIN + TONIC DIET METAL SIGN,1,2.1,Technology
IVORY GIANT GARDEN THERMOMETER,1,5.95,Technology
CARD HOLDER GINGHAM HEART,2,2.55,Souvenir
SMALL STRIPES CHOCOLATE GIFT BAG ,16,0.85,Souvenir
S/6 WOODEN SKITTLES IN COTTON BAG,1,2.95,Clothing
HAND WARMER RED RETROSPOT,4,2.1,Technology
HAND WARMER UNION JACK,3,2.1,Technology
FRENCH WC SIGN BLUE METAL,1,1.25,Technology
PINK UNION JACK  LUGGAGE TAG,1,1.25,Souvenir
"TRAY, BREAKFAST IN BED",1,12.75,Food & Beverage
PIZZA PLATE IN BOX,2,3.75,Food & Beverage
HEART OF WICKER LARGE,1,2.95,Clothing
PINK HEART DOTS HOT WATER BOTTLE,1,3.75,Food & Beverage
PLACE SETTING WHITE HEART,14,0.42,Souvenir
SET OF 4 NAPKIN CHARMS LEAVES   ,4,2.55,Clothing
SET OF 4 NAPKIN CHARMS STARS   ,4,2.55,Souvenir
SET OF 4 NAPKIN CHARMS CUTLERY,3,2.55,Technology
CARAVAN SQUARE TISSUE BOX,2,1.25,Technology
PLASTERS IN TIN SKULLS,1,1.65,Technology
PLASTERS IN TIN SPACEBOY,1,1.65,Technology
BUTTON BOX ,1,1.95,Technology
PLASTERS IN TIN VINTAGE PAISLEY ,2,1.65,Technology
12 MESSAGE CARDS WITH ENVELOPES,6,1.65,Souvenir
SMALL RED BABUSHKA NOTEBOOK ,1,0.85,Souvenir
CUPCAKE LACE PAPER SET 6,5,1.95,Souvenir
PACK 3 BOXES CHRISTMAS PANNETONE,3,1.95,Food & Beverage
HERB MARKER MINT,2,0.65,Cosmetics
HERB MARKER ROSEMARY,1,0.65,Souvenir
HERB MARKER BASIL,3,0.65,Technology
HERB MARKER CHIVES ,2,0.65,Souvenir
HERB MARKER PARSLEY,2,0.65,Souvenir
HERB MARKER THYME,1,0.65,Technology
WHITE HANGING HEART T-LIGHT HOLDER,3,2.95,Clothing
METAL MERRY CHRISTMAS WREATH,1,1.95,Technology
WHITE CHRISTMAS GARLAND STARS TREES,3,3.75,Souvenir
RETROSPOT SMALL TUBE MATCHES,12,1.65,Technology
RETROSPOT GIANT TUBE MATCHES,3,2.55,Technology
PLACE SETTING WHITE STAR,12,0.42,Souvenir
GROW YOUR OWN BASIL IN ENAMEL MUG,1,2.1,Technology
36 FOIL STAR CAKE CASES ,2,2.1,Food & Beverage
36 FOIL HEART CAKE CASES,2,2.1,Food & Beverage
PACK OF 6 SWEETIE GIFT BOXES,2,2.55,Food & Beverage
PACK OF 6 HANDBAG GIFT BOXES,3,2.55,Toys
GARLAND WOODEN HAPPY EASTER,2,1.25,Souvenir
CALENDAR PAPER CUT DESIGN,3,2.95,Souvenir
CALENDAR IN SEASON DESIGN,2,2.95,Souvenir
SMALL POPCORN HOLDER,3,0.85,Souvenir
BLUE PAISLEY TISSUE BOX,1,1.25,Souvenir
HEART OF WICKER SMALL,1,1.65,Clothing
SKULLS SQUARE TISSUE BOX,1,1.25,Souvenir
PINK PAISLEY SQUARE TISSUE BOX ,1,1.25,Souvenir
PACK OF 6 HANDBAG GIFT BOXES,1,2.55,Toys
TOAST ITS - HAPPY BIRTHDAY,2,1.25,Food & Beverage
SET/10 IVORY POLKADOT PARTY CANDLES,1,1.25,Technology
